PPI_Correlation,CI_Lower,CI_Upper,Effective_Sample_Size
0.9053742884743766,0.3168995528187558,1.4938490241299975,6.777952755905514
